"","file","IL2_dependent"
"1","/media/pipkin/ROCKET-PRO/CD8_DEV_SC/0_Acute-Chronic/1_Scanpy/1_Scanpy_out_resampled_Cl13-NAV/2_DE/Cluster_vs_Cluster/0/0_vs_1_differential.csv","yes"
"2","/media/pipkin/ROCKET-PRO/CD8_DEV_SC/0_Acute-Chronic/1_Scanpy/1_Scanpy_out_resampled_Cl13-NAV/2_DE/Cluster_vs_Cluster/0/0_vs_10_differential.csv","yes"
"3","/media/pipkin/ROCKET-PRO/CD8_DEV_SC/0_Acute-Chronic/1_Scanpy/1_Scanpy_out_resampled_Cl13-NAV/2_DE/Cluster_vs_Cluster/0/0_vs_2_differential.csv","yes"
"4","/media/pipkin/ROCKET-PRO/CD8_DEV_SC/0_Acute-Chronic/1_Scanpy/1_Scanpy_out_resampled_Cl13-NAV/2_DE/Cluster_vs_Cluster/0/0_vs_3_differential.csv","yes"
"5","/media/pipkin/ROCKET-PRO/CD8_DEV_SC/0_Acute-Chronic/1_Scanpy/1_Scanpy_out_resampled_Cl13-NAV/2_DE/Cluster_vs_Cluster/0/0_vs_4_differential.csv","yes"
"6","/media/pipkin/ROCKET-PRO/CD8_DEV_SC/0_Acute-Chronic/1_Scanpy/1_Scanpy_out_resampled_Cl13-NAV/2_DE/Cluster_vs_Cluster/0/0_vs_5_differential.csv","yes"
"7","/media/pipkin/ROCKET-PRO/CD8_DEV_SC/0_Acute-Chronic/1_Scanpy/1_Scanpy_out_resampled_Cl13-NAV/2_DE/Cluster_vs_Cluster/0/0_vs_6_differential.csv","yes"
"8","/media/pipkin/ROCKET-PRO/CD8_DEV_SC/0_Acute-Chronic/1_Scanpy/1_Scanpy_out_resampled_Cl13-NAV/2_DE/Cluster_vs_Cluster/0/0_vs_7_differential.csv","yes"
"9","/media/pipkin/ROCKET-PRO/CD8_DEV_SC/0_Acute-Chronic/1_Scanpy/1_Scanpy_out_resampled_Cl13-NAV/2_DE/Cluster_vs_Cluster/0/0_vs_8_differential.csv","yes"
"10","/media/pipkin/ROCKET-PRO/CD8_DEV_SC/0_Acute-Chronic/1_Scanpy/1_Scanpy_out_resampled_Cl13-NAV/2_DE/Cluster_vs_Cluster/0/0_vs_9_differential.csv","yes"
"11","/media/pipkin/ROCKET-PRO/CD8_DEV_SC/0_Acute-Chronic/1_Scanpy/1_Scanpy_out_resampled_Cl13-NAV/2_DE/Cluster_vs_Cluster/1/1_vs_0_differential.csv","yes"
"12","/media/pipkin/ROCKET-PRO/CD8_DEV_SC/0_Acute-Chronic/1_Scanpy/1_Scanpy_out_resampled_Cl13-NAV/2_DE/Cluster_vs_Cluster/1/1_vs_10_differential.csv","yes"
"13","/media/pipkin/ROCKET-PRO/CD8_DEV_SC/0_Acute-Chronic/1_Scanpy/1_Scanpy_out_resampled_Cl13-NAV/2_DE/Cluster_vs_Cluster/1/1_vs_2_differential.csv","yes"
"14","/media/pipkin/ROCKET-PRO/CD8_DEV_SC/0_Acute-Chronic/1_Scanpy/1_Scanpy_out_resampled_Cl13-NAV/2_DE/Cluster_vs_Cluster/1/1_vs_3_differential.csv","yes"
"15","/media/pipkin/ROCKET-PRO/CD8_DEV_SC/0_Acute-Chronic/1_Scanpy/1_Scanpy_out_resampled_Cl13-NAV/2_DE/Cluster_vs_Cluster/1/1_vs_4_differential.csv","yes"
"16","/media/pipkin/ROCKET-PRO/CD8_DEV_SC/0_Acute-Chronic/1_Scanpy/1_Scanpy_out_resampled_Cl13-NAV/2_DE/Cluster_vs_Cluster/1/1_vs_5_differential.csv","yes"
"17","/media/pipkin/ROCKET-PRO/CD8_DEV_SC/0_Acute-Chronic/1_Scanpy/1_Scanpy_out_resampled_Cl13-NAV/2_DE/Cluster_vs_Cluster/1/1_vs_6_differential.csv","yes"
"18","/media/pipkin/ROCKET-PRO/CD8_DEV_SC/0_Acute-Chronic/1_Scanpy/1_Scanpy_out_resampled_Cl13-NAV/2_DE/Cluster_vs_Cluster/1/1_vs_7_differential.csv","yes"
"19","/media/pipkin/ROCKET-PRO/CD8_DEV_SC/0_Acute-Chronic/1_Scanpy/1_Scanpy_out_resampled_Cl13-NAV/2_DE/Cluster_vs_Cluster/1/1_vs_8_differential.csv","yes"
"20","/media/pipkin/ROCKET-PRO/CD8_DEV_SC/0_Acute-Chronic/1_Scanpy/1_Scanpy_out_resampled_Cl13-NAV/2_DE/Cluster_vs_Cluster/1/1_vs_9_differential.csv","yes"
"21","/media/pipkin/ROCKET-PRO/CD8_DEV_SC/0_Acute-Chronic/1_Scanpy/1_Scanpy_out_resampled_Cl13-NAV/2_DE/Cluster_vs_Cluster/10/10_vs_0_differential.csv","yes"
"22","/media/pipkin/ROCKET-PRO/CD8_DEV_SC/0_Acute-Chronic/1_Scanpy/1_Scanpy_out_resampled_Cl13-NAV/2_DE/Cluster_vs_Cluster/10/10_vs_1_differential.csv","yes"
"23","/media/pipkin/ROCKET-PRO/CD8_DEV_SC/0_Acute-Chronic/1_Scanpy/1_Scanpy_out_resampled_Cl13-NAV/2_DE/Cluster_vs_Cluster/10/10_vs_2_differential.csv","yes"
"24","/media/pipkin/ROCKET-PRO/CD8_DEV_SC/0_Acute-Chronic/1_Scanpy/1_Scanpy_out_resampled_Cl13-NAV/2_DE/Cluster_vs_Cluster/10/10_vs_3_differential.csv","yes"
"25","/media/pipkin/ROCKET-PRO/CD8_DEV_SC/0_Acute-Chronic/1_Scanpy/1_Scanpy_out_resampled_Cl13-NAV/2_DE/Cluster_vs_Cluster/10/10_vs_4_differential.csv","yes"
"26","/media/pipkin/ROCKET-PRO/CD8_DEV_SC/0_Acute-Chronic/1_Scanpy/1_Scanpy_out_resampled_Cl13-NAV/2_DE/Cluster_vs_Cluster/10/10_vs_5_differential.csv","yes"
"27","/media/pipkin/ROCKET-PRO/CD8_DEV_SC/0_Acute-Chronic/1_Scanpy/1_Scanpy_out_resampled_Cl13-NAV/2_DE/Cluster_vs_Cluster/10/10_vs_6_differential.csv","yes"
"28","/media/pipkin/ROCKET-PRO/CD8_DEV_SC/0_Acute-Chronic/1_Scanpy/1_Scanpy_out_resampled_Cl13-NAV/2_DE/Cluster_vs_Cluster/10/10_vs_7_differential.csv","yes"
"29","/media/pipkin/ROCKET-PRO/CD8_DEV_SC/0_Acute-Chronic/1_Scanpy/1_Scanpy_out_resampled_Cl13-NAV/2_DE/Cluster_vs_Cluster/10/10_vs_8_differential.csv","yes"
"30","/media/pipkin/ROCKET-PRO/CD8_DEV_SC/0_Acute-Chronic/1_Scanpy/1_Scanpy_out_resampled_Cl13-NAV/2_DE/Cluster_vs_Cluster/10/10_vs_9_differential.csv","yes"
"31","/media/pipkin/ROCKET-PRO/CD8_DEV_SC/0_Acute-Chronic/1_Scanpy/1_Scanpy_out_resampled_Cl13-NAV/2_DE/Cluster_vs_Cluster/2/2_vs_0_differential.csv","yes"
"32","/media/pipkin/ROCKET-PRO/CD8_DEV_SC/0_Acute-Chronic/1_Scanpy/1_Scanpy_out_resampled_Cl13-NAV/2_DE/Cluster_vs_Cluster/2/2_vs_1_differential.csv","yes"
"33","/media/pipkin/ROCKET-PRO/CD8_DEV_SC/0_Acute-Chronic/1_Scanpy/1_Scanpy_out_resampled_Cl13-NAV/2_DE/Cluster_vs_Cluster/2/2_vs_10_differential.csv","yes"
"34","/media/pipkin/ROCKET-PRO/CD8_DEV_SC/0_Acute-Chronic/1_Scanpy/1_Scanpy_out_resampled_Cl13-NAV/2_DE/Cluster_vs_Cluster/2/2_vs_3_differential.csv","yes"
"35","/media/pipkin/ROCKET-PRO/CD8_DEV_SC/0_Acute-Chronic/1_Scanpy/1_Scanpy_out_resampled_Cl13-NAV/2_DE/Cluster_vs_Cluster/2/2_vs_4_differential.csv","yes"
"36","/media/pipkin/ROCKET-PRO/CD8_DEV_SC/0_Acute-Chronic/1_Scanpy/1_Scanpy_out_resampled_Cl13-NAV/2_DE/Cluster_vs_Cluster/2/2_vs_5_differential.csv","yes"
"37","/media/pipkin/ROCKET-PRO/CD8_DEV_SC/0_Acute-Chronic/1_Scanpy/1_Scanpy_out_resampled_Cl13-NAV/2_DE/Cluster_vs_Cluster/2/2_vs_6_differential.csv","yes"
"38","/media/pipkin/ROCKET-PRO/CD8_DEV_SC/0_Acute-Chronic/1_Scanpy/1_Scanpy_out_resampled_Cl13-NAV/2_DE/Cluster_vs_Cluster/2/2_vs_7_differential.csv","yes"
"39","/media/pipkin/ROCKET-PRO/CD8_DEV_SC/0_Acute-Chronic/1_Scanpy/1_Scanpy_out_resampled_Cl13-NAV/2_DE/Cluster_vs_Cluster/2/2_vs_8_differential.csv","yes"
"40","/media/pipkin/ROCKET-PRO/CD8_DEV_SC/0_Acute-Chronic/1_Scanpy/1_Scanpy_out_resampled_Cl13-NAV/2_DE/Cluster_vs_Cluster/2/2_vs_9_differential.csv","yes"
"41","/media/pipkin/ROCKET-PRO/CD8_DEV_SC/0_Acute-Chronic/1_Scanpy/1_Scanpy_out_resampled_Cl13-NAV/2_DE/Cluster_vs_Cluster/3/3_vs_0_differential.csv","yes"
"42","/media/pipkin/ROCKET-PRO/CD8_DEV_SC/0_Acute-Chronic/1_Scanpy/1_Scanpy_out_resampled_Cl13-NAV/2_DE/Cluster_vs_Cluster/3/3_vs_1_differential.csv","yes"
"43","/media/pipkin/ROCKET-PRO/CD8_DEV_SC/0_Acute-Chronic/1_Scanpy/1_Scanpy_out_resampled_Cl13-NAV/2_DE/Cluster_vs_Cluster/3/3_vs_10_differential.csv","yes"
"44","/media/pipkin/ROCKET-PRO/CD8_DEV_SC/0_Acute-Chronic/1_Scanpy/1_Scanpy_out_resampled_Cl13-NAV/2_DE/Cluster_vs_Cluster/3/3_vs_2_differential.csv","yes"
"45","/media/pipkin/ROCKET-PRO/CD8_DEV_SC/0_Acute-Chronic/1_Scanpy/1_Scanpy_out_resampled_Cl13-NAV/2_DE/Cluster_vs_Cluster/3/3_vs_4_differential.csv","yes"
"46","/media/pipkin/ROCKET-PRO/CD8_DEV_SC/0_Acute-Chronic/1_Scanpy/1_Scanpy_out_resampled_Cl13-NAV/2_DE/Cluster_vs_Cluster/3/3_vs_5_differential.csv","yes"
"47","/media/pipkin/ROCKET-PRO/CD8_DEV_SC/0_Acute-Chronic/1_Scanpy/1_Scanpy_out_resampled_Cl13-NAV/2_DE/Cluster_vs_Cluster/3/3_vs_6_differential.csv","yes"
"48","/media/pipkin/ROCKET-PRO/CD8_DEV_SC/0_Acute-Chronic/1_Scanpy/1_Scanpy_out_resampled_Cl13-NAV/2_DE/Cluster_vs_Cluster/3/3_vs_7_differential.csv","yes"
"49","/media/pipkin/ROCKET-PRO/CD8_DEV_SC/0_Acute-Chronic/1_Scanpy/1_Scanpy_out_resampled_Cl13-NAV/2_DE/Cluster_vs_Cluster/3/3_vs_8_differential.csv","yes"
"50","/media/pipkin/ROCKET-PRO/CD8_DEV_SC/0_Acute-Chronic/1_Scanpy/1_Scanpy_out_resampled_Cl13-NAV/2_DE/Cluster_vs_Cluster/3/3_vs_9_differential.csv","yes"
"51","/media/pipkin/ROCKET-PRO/CD8_DEV_SC/0_Acute-Chronic/1_Scanpy/1_Scanpy_out_resampled_Cl13-NAV/2_DE/Cluster_vs_Cluster/4/4_vs_0_differential.csv","yes"
"52","/media/pipkin/ROCKET-PRO/CD8_DEV_SC/0_Acute-Chronic/1_Scanpy/1_Scanpy_out_resampled_Cl13-NAV/2_DE/Cluster_vs_Cluster/4/4_vs_1_differential.csv","yes"
"53","/media/pipkin/ROCKET-PRO/CD8_DEV_SC/0_Acute-Chronic/1_Scanpy/1_Scanpy_out_resampled_Cl13-NAV/2_DE/Cluster_vs_Cluster/4/4_vs_10_differential.csv","yes"
"54","/media/pipkin/ROCKET-PRO/CD8_DEV_SC/0_Acute-Chronic/1_Scanpy/1_Scanpy_out_resampled_Cl13-NAV/2_DE/Cluster_vs_Cluster/4/4_vs_2_differential.csv","yes"
"55","/media/pipkin/ROCKET-PRO/CD8_DEV_SC/0_Acute-Chronic/1_Scanpy/1_Scanpy_out_resampled_Cl13-NAV/2_DE/Cluster_vs_Cluster/4/4_vs_3_differential.csv","yes"
"56","/media/pipkin/ROCKET-PRO/CD8_DEV_SC/0_Acute-Chronic/1_Scanpy/1_Scanpy_out_resampled_Cl13-NAV/2_DE/Cluster_vs_Cluster/4/4_vs_5_differential.csv","yes"
"57","/media/pipkin/ROCKET-PRO/CD8_DEV_SC/0_Acute-Chronic/1_Scanpy/1_Scanpy_out_resampled_Cl13-NAV/2_DE/Cluster_vs_Cluster/4/4_vs_6_differential.csv","yes"
"58","/media/pipkin/ROCKET-PRO/CD8_DEV_SC/0_Acute-Chronic/1_Scanpy/1_Scanpy_out_resampled_Cl13-NAV/2_DE/Cluster_vs_Cluster/4/4_vs_7_differential.csv","yes"
"59","/media/pipkin/ROCKET-PRO/CD8_DEV_SC/0_Acute-Chronic/1_Scanpy/1_Scanpy_out_resampled_Cl13-NAV/2_DE/Cluster_vs_Cluster/4/4_vs_8_differential.csv","yes"
"60","/media/pipkin/ROCKET-PRO/CD8_DEV_SC/0_Acute-Chronic/1_Scanpy/1_Scanpy_out_resampled_Cl13-NAV/2_DE/Cluster_vs_Cluster/4/4_vs_9_differential.csv","yes"
"61","/media/pipkin/ROCKET-PRO/CD8_DEV_SC/0_Acute-Chronic/1_Scanpy/1_Scanpy_out_resampled_Cl13-NAV/2_DE/Cluster_vs_Cluster/5/5_vs_0_differential.csv","yes"
"62","/media/pipkin/ROCKET-PRO/CD8_DEV_SC/0_Acute-Chronic/1_Scanpy/1_Scanpy_out_resampled_Cl13-NAV/2_DE/Cluster_vs_Cluster/5/5_vs_1_differential.csv","yes"
"63","/media/pipkin/ROCKET-PRO/CD8_DEV_SC/0_Acute-Chronic/1_Scanpy/1_Scanpy_out_resampled_Cl13-NAV/2_DE/Cluster_vs_Cluster/5/5_vs_10_differential.csv","yes"
"64","/media/pipkin/ROCKET-PRO/CD8_DEV_SC/0_Acute-Chronic/1_Scanpy/1_Scanpy_out_resampled_Cl13-NAV/2_DE/Cluster_vs_Cluster/5/5_vs_2_differential.csv","yes"
"65","/media/pipkin/ROCKET-PRO/CD8_DEV_SC/0_Acute-Chronic/1_Scanpy/1_Scanpy_out_resampled_Cl13-NAV/2_DE/Cluster_vs_Cluster/5/5_vs_3_differential.csv","yes"
"66","/media/pipkin/ROCKET-PRO/CD8_DEV_SC/0_Acute-Chronic/1_Scanpy/1_Scanpy_out_resampled_Cl13-NAV/2_DE/Cluster_vs_Cluster/5/5_vs_4_differential.csv","yes"
"67","/media/pipkin/ROCKET-PRO/CD8_DEV_SC/0_Acute-Chronic/1_Scanpy/1_Scanpy_out_resampled_Cl13-NAV/2_DE/Cluster_vs_Cluster/5/5_vs_6_differential.csv","yes"
"68","/media/pipkin/ROCKET-PRO/CD8_DEV_SC/0_Acute-Chronic/1_Scanpy/1_Scanpy_out_resampled_Cl13-NAV/2_DE/Cluster_vs_Cluster/5/5_vs_7_differential.csv","yes"
"69","/media/pipkin/ROCKET-PRO/CD8_DEV_SC/0_Acute-Chronic/1_Scanpy/1_Scanpy_out_resampled_Cl13-NAV/2_DE/Cluster_vs_Cluster/5/5_vs_8_differential.csv","yes"
"70","/media/pipkin/ROCKET-PRO/CD8_DEV_SC/0_Acute-Chronic/1_Scanpy/1_Scanpy_out_resampled_Cl13-NAV/2_DE/Cluster_vs_Cluster/5/5_vs_9_differential.csv","yes"
"71","/media/pipkin/ROCKET-PRO/CD8_DEV_SC/0_Acute-Chronic/1_Scanpy/1_Scanpy_out_resampled_Cl13-NAV/2_DE/Cluster_vs_Cluster/6/6_vs_0_differential.csv","yes"
"72","/media/pipkin/ROCKET-PRO/CD8_DEV_SC/0_Acute-Chronic/1_Scanpy/1_Scanpy_out_resampled_Cl13-NAV/2_DE/Cluster_vs_Cluster/6/6_vs_1_differential.csv","yes"
"73","/media/pipkin/ROCKET-PRO/CD8_DEV_SC/0_Acute-Chronic/1_Scanpy/1_Scanpy_out_resampled_Cl13-NAV/2_DE/Cluster_vs_Cluster/6/6_vs_10_differential.csv","yes"
"74","/media/pipkin/ROCKET-PRO/CD8_DEV_SC/0_Acute-Chronic/1_Scanpy/1_Scanpy_out_resampled_Cl13-NAV/2_DE/Cluster_vs_Cluster/6/6_vs_2_differential.csv","yes"
"75","/media/pipkin/ROCKET-PRO/CD8_DEV_SC/0_Acute-Chronic/1_Scanpy/1_Scanpy_out_resampled_Cl13-NAV/2_DE/Cluster_vs_Cluster/6/6_vs_3_differential.csv","yes"
"76","/media/pipkin/ROCKET-PRO/CD8_DEV_SC/0_Acute-Chronic/1_Scanpy/1_Scanpy_out_resampled_Cl13-NAV/2_DE/Cluster_vs_Cluster/6/6_vs_4_differential.csv","yes"
"77","/media/pipkin/ROCKET-PRO/CD8_DEV_SC/0_Acute-Chronic/1_Scanpy/1_Scanpy_out_resampled_Cl13-NAV/2_DE/Cluster_vs_Cluster/6/6_vs_5_differential.csv","yes"
"78","/media/pipkin/ROCKET-PRO/CD8_DEV_SC/0_Acute-Chronic/1_Scanpy/1_Scanpy_out_resampled_Cl13-NAV/2_DE/Cluster_vs_Cluster/6/6_vs_7_differential.csv","yes"
"79","/media/pipkin/ROCKET-PRO/CD8_DEV_SC/0_Acute-Chronic/1_Scanpy/1_Scanpy_out_resampled_Cl13-NAV/2_DE/Cluster_vs_Cluster/6/6_vs_8_differential.csv","yes"
"80","/media/pipkin/ROCKET-PRO/CD8_DEV_SC/0_Acute-Chronic/1_Scanpy/1_Scanpy_out_resampled_Cl13-NAV/2_DE/Cluster_vs_Cluster/6/6_vs_9_differential.csv","yes"
"81","/media/pipkin/ROCKET-PRO/CD8_DEV_SC/0_Acute-Chronic/1_Scanpy/1_Scanpy_out_resampled_Cl13-NAV/2_DE/Cluster_vs_Cluster/7/7_vs_0_differential.csv","yes"
"82","/media/pipkin/ROCKET-PRO/CD8_DEV_SC/0_Acute-Chronic/1_Scanpy/1_Scanpy_out_resampled_Cl13-NAV/2_DE/Cluster_vs_Cluster/7/7_vs_1_differential.csv","yes"
"83","/media/pipkin/ROCKET-PRO/CD8_DEV_SC/0_Acute-Chronic/1_Scanpy/1_Scanpy_out_resampled_Cl13-NAV/2_DE/Cluster_vs_Cluster/7/7_vs_10_differential.csv","yes"
"84","/media/pipkin/ROCKET-PRO/CD8_DEV_SC/0_Acute-Chronic/1_Scanpy/1_Scanpy_out_resampled_Cl13-NAV/2_DE/Cluster_vs_Cluster/7/7_vs_2_differential.csv","yes"
"85","/media/pipkin/ROCKET-PRO/CD8_DEV_SC/0_Acute-Chronic/1_Scanpy/1_Scanpy_out_resampled_Cl13-NAV/2_DE/Cluster_vs_Cluster/7/7_vs_3_differential.csv","yes"
"86","/media/pipkin/ROCKET-PRO/CD8_DEV_SC/0_Acute-Chronic/1_Scanpy/1_Scanpy_out_resampled_Cl13-NAV/2_DE/Cluster_vs_Cluster/7/7_vs_4_differential.csv","yes"
"87","/media/pipkin/ROCKET-PRO/CD8_DEV_SC/0_Acute-Chronic/1_Scanpy/1_Scanpy_out_resampled_Cl13-NAV/2_DE/Cluster_vs_Cluster/7/7_vs_5_differential.csv","yes"
"88","/media/pipkin/ROCKET-PRO/CD8_DEV_SC/0_Acute-Chronic/1_Scanpy/1_Scanpy_out_resampled_Cl13-NAV/2_DE/Cluster_vs_Cluster/7/7_vs_6_differential.csv","yes"
"89","/media/pipkin/ROCKET-PRO/CD8_DEV_SC/0_Acute-Chronic/1_Scanpy/1_Scanpy_out_resampled_Cl13-NAV/2_DE/Cluster_vs_Cluster/7/7_vs_8_differential.csv","yes"
"90","/media/pipkin/ROCKET-PRO/CD8_DEV_SC/0_Acute-Chronic/1_Scanpy/1_Scanpy_out_resampled_Cl13-NAV/2_DE/Cluster_vs_Cluster/7/7_vs_9_differential.csv","yes"
"91","/media/pipkin/ROCKET-PRO/CD8_DEV_SC/0_Acute-Chronic/1_Scanpy/1_Scanpy_out_resampled_Cl13-NAV/2_DE/Cluster_vs_Cluster/8/8_vs_0_differential.csv","yes"
"92","/media/pipkin/ROCKET-PRO/CD8_DEV_SC/0_Acute-Chronic/1_Scanpy/1_Scanpy_out_resampled_Cl13-NAV/2_DE/Cluster_vs_Cluster/8/8_vs_1_differential.csv","yes"
"93","/media/pipkin/ROCKET-PRO/CD8_DEV_SC/0_Acute-Chronic/1_Scanpy/1_Scanpy_out_resampled_Cl13-NAV/2_DE/Cluster_vs_Cluster/8/8_vs_10_differential.csv","yes"
"94","/media/pipkin/ROCKET-PRO/CD8_DEV_SC/0_Acute-Chronic/1_Scanpy/1_Scanpy_out_resampled_Cl13-NAV/2_DE/Cluster_vs_Cluster/8/8_vs_2_differential.csv","yes"
"95","/media/pipkin/ROCKET-PRO/CD8_DEV_SC/0_Acute-Chronic/1_Scanpy/1_Scanpy_out_resampled_Cl13-NAV/2_DE/Cluster_vs_Cluster/8/8_vs_3_differential.csv","yes"
"96","/media/pipkin/ROCKET-PRO/CD8_DEV_SC/0_Acute-Chronic/1_Scanpy/1_Scanpy_out_resampled_Cl13-NAV/2_DE/Cluster_vs_Cluster/8/8_vs_4_differential.csv","yes"
"97","/media/pipkin/ROCKET-PRO/CD8_DEV_SC/0_Acute-Chronic/1_Scanpy/1_Scanpy_out_resampled_Cl13-NAV/2_DE/Cluster_vs_Cluster/8/8_vs_5_differential.csv","yes"
"98","/media/pipkin/ROCKET-PRO/CD8_DEV_SC/0_Acute-Chronic/1_Scanpy/1_Scanpy_out_resampled_Cl13-NAV/2_DE/Cluster_vs_Cluster/8/8_vs_6_differential.csv","yes"
"99","/media/pipkin/ROCKET-PRO/CD8_DEV_SC/0_Acute-Chronic/1_Scanpy/1_Scanpy_out_resampled_Cl13-NAV/2_DE/Cluster_vs_Cluster/8/8_vs_7_differential.csv","yes"
"100","/media/pipkin/ROCKET-PRO/CD8_DEV_SC/0_Acute-Chronic/1_Scanpy/1_Scanpy_out_resampled_Cl13-NAV/2_DE/Cluster_vs_Cluster/8/8_vs_9_differential.csv","yes"
"101","/media/pipkin/ROCKET-PRO/CD8_DEV_SC/0_Acute-Chronic/1_Scanpy/1_Scanpy_out_resampled_Cl13-NAV/2_DE/Cluster_vs_Cluster/9/9_vs_0_differential.csv","yes"
"102","/media/pipkin/ROCKET-PRO/CD8_DEV_SC/0_Acute-Chronic/1_Scanpy/1_Scanpy_out_resampled_Cl13-NAV/2_DE/Cluster_vs_Cluster/9/9_vs_1_differential.csv","yes"
"103","/media/pipkin/ROCKET-PRO/CD8_DEV_SC/0_Acute-Chronic/1_Scanpy/1_Scanpy_out_resampled_Cl13-NAV/2_DE/Cluster_vs_Cluster/9/9_vs_10_differential.csv","yes"
"104","/media/pipkin/ROCKET-PRO/CD8_DEV_SC/0_Acute-Chronic/1_Scanpy/1_Scanpy_out_resampled_Cl13-NAV/2_DE/Cluster_vs_Cluster/9/9_vs_2_differential.csv","yes"
"105","/media/pipkin/ROCKET-PRO/CD8_DEV_SC/0_Acute-Chronic/1_Scanpy/1_Scanpy_out_resampled_Cl13-NAV/2_DE/Cluster_vs_Cluster/9/9_vs_3_differential.csv","yes"
"106","/media/pipkin/ROCKET-PRO/CD8_DEV_SC/0_Acute-Chronic/1_Scanpy/1_Scanpy_out_resampled_Cl13-NAV/2_DE/Cluster_vs_Cluster/9/9_vs_4_differential.csv","yes"
"107","/media/pipkin/ROCKET-PRO/CD8_DEV_SC/0_Acute-Chronic/1_Scanpy/1_Scanpy_out_resampled_Cl13-NAV/2_DE/Cluster_vs_Cluster/9/9_vs_5_differential.csv","yes"
"108","/media/pipkin/ROCKET-PRO/CD8_DEV_SC/0_Acute-Chronic/1_Scanpy/1_Scanpy_out_resampled_Cl13-NAV/2_DE/Cluster_vs_Cluster/9/9_vs_6_differential.csv","yes"
"109","/media/pipkin/ROCKET-PRO/CD8_DEV_SC/0_Acute-Chronic/1_Scanpy/1_Scanpy_out_resampled_Cl13-NAV/2_DE/Cluster_vs_Cluster/9/9_vs_7_differential.csv","yes"
"110","/media/pipkin/ROCKET-PRO/CD8_DEV_SC/0_Acute-Chronic/1_Scanpy/1_Scanpy_out_resampled_Cl13-NAV/2_DE/Cluster_vs_Cluster/9/9_vs_8_differential.csv","yes"
"111","/media/pipkin/ROCKET-PRO/CD8_DEV_SC/0_Acute-Chronic/1_Scanpy/1_Scanpy_out_resampled_Cl13-NAV/2_DE/Cluster_vs_Cluster/P0/P0_vs_P1_differential.csv","yes"
"112","/media/pipkin/ROCKET-PRO/CD8_DEV_SC/0_Acute-Chronic/1_Scanpy/1_Scanpy_out_resampled_Cl13-NAV/2_DE/Cluster_vs_Cluster/P0/P0_vs_P10_differential.csv","yes"
"113","/media/pipkin/ROCKET-PRO/CD8_DEV_SC/0_Acute-Chronic/1_Scanpy/1_Scanpy_out_resampled_Cl13-NAV/2_DE/Cluster_vs_Cluster/P0/P0_vs_P2_differential.csv","yes"
"114","/media/pipkin/ROCKET-PRO/CD8_DEV_SC/0_Acute-Chronic/1_Scanpy/1_Scanpy_out_resampled_Cl13-NAV/2_DE/Cluster_vs_Cluster/P0/P0_vs_P3_differential.csv","yes"
"115","/media/pipkin/ROCKET-PRO/CD8_DEV_SC/0_Acute-Chronic/1_Scanpy/1_Scanpy_out_resampled_Cl13-NAV/2_DE/Cluster_vs_Cluster/P0/P0_vs_P4_differential.csv","yes"
"116","/media/pipkin/ROCKET-PRO/CD8_DEV_SC/0_Acute-Chronic/1_Scanpy/1_Scanpy_out_resampled_Cl13-NAV/2_DE/Cluster_vs_Cluster/P0/P0_vs_P5_differential.csv","yes"
"117","/media/pipkin/ROCKET-PRO/CD8_DEV_SC/0_Acute-Chronic/1_Scanpy/1_Scanpy_out_resampled_Cl13-NAV/2_DE/Cluster_vs_Cluster/P0/P0_vs_P6_differential.csv","yes"
"118","/media/pipkin/ROCKET-PRO/CD8_DEV_SC/0_Acute-Chronic/1_Scanpy/1_Scanpy_out_resampled_Cl13-NAV/2_DE/Cluster_vs_Cluster/P0/P0_vs_P7_differential.csv","yes"
"119","/media/pipkin/ROCKET-PRO/CD8_DEV_SC/0_Acute-Chronic/1_Scanpy/1_Scanpy_out_resampled_Cl13-NAV/2_DE/Cluster_vs_Cluster/P0/P0_vs_P8_differential.csv","yes"
"120","/media/pipkin/ROCKET-PRO/CD8_DEV_SC/0_Acute-Chronic/1_Scanpy/1_Scanpy_out_resampled_Cl13-NAV/2_DE/Cluster_vs_Cluster/P0/P0_vs_P9_differential.csv","yes"
"121","/media/pipkin/ROCKET-PRO/CD8_DEV_SC/0_Acute-Chronic/1_Scanpy/1_Scanpy_out_resampled_Cl13-NAV/2_DE/Cluster_vs_Cluster/P1/P1_vs_P0_differential.csv","yes"
"122","/media/pipkin/ROCKET-PRO/CD8_DEV_SC/0_Acute-Chronic/1_Scanpy/1_Scanpy_out_resampled_Cl13-NAV/2_DE/Cluster_vs_Cluster/P1/P1_vs_P10_differential.csv","yes"
"123","/media/pipkin/ROCKET-PRO/CD8_DEV_SC/0_Acute-Chronic/1_Scanpy/1_Scanpy_out_resampled_Cl13-NAV/2_DE/Cluster_vs_Cluster/P1/P1_vs_P2_differential.csv","yes"
"124","/media/pipkin/ROCKET-PRO/CD8_DEV_SC/0_Acute-Chronic/1_Scanpy/1_Scanpy_out_resampled_Cl13-NAV/2_DE/Cluster_vs_Cluster/P1/P1_vs_P3_differential.csv","yes"
"125","/media/pipkin/ROCKET-PRO/CD8_DEV_SC/0_Acute-Chronic/1_Scanpy/1_Scanpy_out_resampled_Cl13-NAV/2_DE/Cluster_vs_Cluster/P1/P1_vs_P4_differential.csv","yes"
"126","/media/pipkin/ROCKET-PRO/CD8_DEV_SC/0_Acute-Chronic/1_Scanpy/1_Scanpy_out_resampled_Cl13-NAV/2_DE/Cluster_vs_Cluster/P1/P1_vs_P5_differential.csv","yes"
"127","/media/pipkin/ROCKET-PRO/CD8_DEV_SC/0_Acute-Chronic/1_Scanpy/1_Scanpy_out_resampled_Cl13-NAV/2_DE/Cluster_vs_Cluster/P1/P1_vs_P6_differential.csv","yes"
"128","/media/pipkin/ROCKET-PRO/CD8_DEV_SC/0_Acute-Chronic/1_Scanpy/1_Scanpy_out_resampled_Cl13-NAV/2_DE/Cluster_vs_Cluster/P1/P1_vs_P7_differential.csv","yes"
"129","/media/pipkin/ROCKET-PRO/CD8_DEV_SC/0_Acute-Chronic/1_Scanpy/1_Scanpy_out_resampled_Cl13-NAV/2_DE/Cluster_vs_Cluster/P1/P1_vs_P8_differential.csv","yes"
"130","/media/pipkin/ROCKET-PRO/CD8_DEV_SC/0_Acute-Chronic/1_Scanpy/1_Scanpy_out_resampled_Cl13-NAV/2_DE/Cluster_vs_Cluster/P1/P1_vs_P9_differential.csv","yes"
"131","/media/pipkin/ROCKET-PRO/CD8_DEV_SC/0_Acute-Chronic/1_Scanpy/1_Scanpy_out_resampled_Cl13-NAV/2_DE/Cluster_vs_Cluster/P10/P10_vs_P0_differential.csv","yes"
"132","/media/pipkin/ROCKET-PRO/CD8_DEV_SC/0_Acute-Chronic/1_Scanpy/1_Scanpy_out_resampled_Cl13-NAV/2_DE/Cluster_vs_Cluster/P10/P10_vs_P1_differential.csv","yes"
"133","/media/pipkin/ROCKET-PRO/CD8_DEV_SC/0_Acute-Chronic/1_Scanpy/1_Scanpy_out_resampled_Cl13-NAV/2_DE/Cluster_vs_Cluster/P10/P10_vs_P2_differential.csv","yes"
"134","/media/pipkin/ROCKET-PRO/CD8_DEV_SC/0_Acute-Chronic/1_Scanpy/1_Scanpy_out_resampled_Cl13-NAV/2_DE/Cluster_vs_Cluster/P10/P10_vs_P3_differential.csv","yes"
"135","/media/pipkin/ROCKET-PRO/CD8_DEV_SC/0_Acute-Chronic/1_Scanpy/1_Scanpy_out_resampled_Cl13-NAV/2_DE/Cluster_vs_Cluster/P10/P10_vs_P4_differential.csv","yes"
"136","/media/pipkin/ROCKET-PRO/CD8_DEV_SC/0_Acute-Chronic/1_Scanpy/1_Scanpy_out_resampled_Cl13-NAV/2_DE/Cluster_vs_Cluster/P10/P10_vs_P5_differential.csv","yes"
"137","/media/pipkin/ROCKET-PRO/CD8_DEV_SC/0_Acute-Chronic/1_Scanpy/1_Scanpy_out_resampled_Cl13-NAV/2_DE/Cluster_vs_Cluster/P10/P10_vs_P6_differential.csv","yes"
"138","/media/pipkin/ROCKET-PRO/CD8_DEV_SC/0_Acute-Chronic/1_Scanpy/1_Scanpy_out_resampled_Cl13-NAV/2_DE/Cluster_vs_Cluster/P10/P10_vs_P7_differential.csv","yes"
"139","/media/pipkin/ROCKET-PRO/CD8_DEV_SC/0_Acute-Chronic/1_Scanpy/1_Scanpy_out_resampled_Cl13-NAV/2_DE/Cluster_vs_Cluster/P10/P10_vs_P8_differential.csv","yes"
"140","/media/pipkin/ROCKET-PRO/CD8_DEV_SC/0_Acute-Chronic/1_Scanpy/1_Scanpy_out_resampled_Cl13-NAV/2_DE/Cluster_vs_Cluster/P10/P10_vs_P9_differential.csv","yes"
"141","/media/pipkin/ROCKET-PRO/CD8_DEV_SC/0_Acute-Chronic/1_Scanpy/1_Scanpy_out_resampled_Cl13-NAV/2_DE/Cluster_vs_Cluster/P2/P2_vs_P0_differential.csv","yes"
"142","/media/pipkin/ROCKET-PRO/CD8_DEV_SC/0_Acute-Chronic/1_Scanpy/1_Scanpy_out_resampled_Cl13-NAV/2_DE/Cluster_vs_Cluster/P2/P2_vs_P1_differential.csv","yes"
"143","/media/pipkin/ROCKET-PRO/CD8_DEV_SC/0_Acute-Chronic/1_Scanpy/1_Scanpy_out_resampled_Cl13-NAV/2_DE/Cluster_vs_Cluster/P2/P2_vs_P10_differential.csv","yes"
"144","/media/pipkin/ROCKET-PRO/CD8_DEV_SC/0_Acute-Chronic/1_Scanpy/1_Scanpy_out_resampled_Cl13-NAV/2_DE/Cluster_vs_Cluster/P2/P2_vs_P3_differential.csv","yes"
"145","/media/pipkin/ROCKET-PRO/CD8_DEV_SC/0_Acute-Chronic/1_Scanpy/1_Scanpy_out_resampled_Cl13-NAV/2_DE/Cluster_vs_Cluster/P2/P2_vs_P4_differential.csv","yes"
"146","/media/pipkin/ROCKET-PRO/CD8_DEV_SC/0_Acute-Chronic/1_Scanpy/1_Scanpy_out_resampled_Cl13-NAV/2_DE/Cluster_vs_Cluster/P2/P2_vs_P5_differential.csv","yes"
"147","/media/pipkin/ROCKET-PRO/CD8_DEV_SC/0_Acute-Chronic/1_Scanpy/1_Scanpy_out_resampled_Cl13-NAV/2_DE/Cluster_vs_Cluster/P2/P2_vs_P6_differential.csv","yes"
"148","/media/pipkin/ROCKET-PRO/CD8_DEV_SC/0_Acute-Chronic/1_Scanpy/1_Scanpy_out_resampled_Cl13-NAV/2_DE/Cluster_vs_Cluster/P2/P2_vs_P7_differential.csv","yes"
"149","/media/pipkin/ROCKET-PRO/CD8_DEV_SC/0_Acute-Chronic/1_Scanpy/1_Scanpy_out_resampled_Cl13-NAV/2_DE/Cluster_vs_Cluster/P2/P2_vs_P8_differential.csv","yes"
"150","/media/pipkin/ROCKET-PRO/CD8_DEV_SC/0_Acute-Chronic/1_Scanpy/1_Scanpy_out_resampled_Cl13-NAV/2_DE/Cluster_vs_Cluster/P2/P2_vs_P9_differential.csv","yes"
"151","/media/pipkin/ROCKET-PRO/CD8_DEV_SC/0_Acute-Chronic/1_Scanpy/1_Scanpy_out_resampled_Cl13-NAV/2_DE/Cluster_vs_Cluster/P3/P3_vs_P0_differential.csv","yes"
"152","/media/pipkin/ROCKET-PRO/CD8_DEV_SC/0_Acute-Chronic/1_Scanpy/1_Scanpy_out_resampled_Cl13-NAV/2_DE/Cluster_vs_Cluster/P3/P3_vs_P1_differential.csv","yes"
"153","/media/pipkin/ROCKET-PRO/CD8_DEV_SC/0_Acute-Chronic/1_Scanpy/1_Scanpy_out_resampled_Cl13-NAV/2_DE/Cluster_vs_Cluster/P3/P3_vs_P10_differential.csv","yes"
"154","/media/pipkin/ROCKET-PRO/CD8_DEV_SC/0_Acute-Chronic/1_Scanpy/1_Scanpy_out_resampled_Cl13-NAV/2_DE/Cluster_vs_Cluster/P3/P3_vs_P2_differential.csv","yes"
"155","/media/pipkin/ROCKET-PRO/CD8_DEV_SC/0_Acute-Chronic/1_Scanpy/1_Scanpy_out_resampled_Cl13-NAV/2_DE/Cluster_vs_Cluster/P3/P3_vs_P4_differential.csv","yes"
"156","/media/pipkin/ROCKET-PRO/CD8_DEV_SC/0_Acute-Chronic/1_Scanpy/1_Scanpy_out_resampled_Cl13-NAV/2_DE/Cluster_vs_Cluster/P3/P3_vs_P5_differential.csv","yes"
"157","/media/pipkin/ROCKET-PRO/CD8_DEV_SC/0_Acute-Chronic/1_Scanpy/1_Scanpy_out_resampled_Cl13-NAV/2_DE/Cluster_vs_Cluster/P3/P3_vs_P6_differential.csv","yes"
"158","/media/pipkin/ROCKET-PRO/CD8_DEV_SC/0_Acute-Chronic/1_Scanpy/1_Scanpy_out_resampled_Cl13-NAV/2_DE/Cluster_vs_Cluster/P3/P3_vs_P7_differential.csv","yes"
"159","/media/pipkin/ROCKET-PRO/CD8_DEV_SC/0_Acute-Chronic/1_Scanpy/1_Scanpy_out_resampled_Cl13-NAV/2_DE/Cluster_vs_Cluster/P3/P3_vs_P8_differential.csv","yes"
"160","/media/pipkin/ROCKET-PRO/CD8_DEV_SC/0_Acute-Chronic/1_Scanpy/1_Scanpy_out_resampled_Cl13-NAV/2_DE/Cluster_vs_Cluster/P3/P3_vs_P9_differential.csv","yes"
"161","/media/pipkin/ROCKET-PRO/CD8_DEV_SC/0_Acute-Chronic/1_Scanpy/1_Scanpy_out_resampled_Cl13-NAV/2_DE/Cluster_vs_Cluster/P4/P4_vs_P0_differential.csv","yes"
"162","/media/pipkin/ROCKET-PRO/CD8_DEV_SC/0_Acute-Chronic/1_Scanpy/1_Scanpy_out_resampled_Cl13-NAV/2_DE/Cluster_vs_Cluster/P4/P4_vs_P1_differential.csv","yes"
"163","/media/pipkin/ROCKET-PRO/CD8_DEV_SC/0_Acute-Chronic/1_Scanpy/1_Scanpy_out_resampled_Cl13-NAV/2_DE/Cluster_vs_Cluster/P4/P4_vs_P10_differential.csv","yes"
"164","/media/pipkin/ROCKET-PRO/CD8_DEV_SC/0_Acute-Chronic/1_Scanpy/1_Scanpy_out_resampled_Cl13-NAV/2_DE/Cluster_vs_Cluster/P4/P4_vs_P2_differential.csv","yes"
"165","/media/pipkin/ROCKET-PRO/CD8_DEV_SC/0_Acute-Chronic/1_Scanpy/1_Scanpy_out_resampled_Cl13-NAV/2_DE/Cluster_vs_Cluster/P4/P4_vs_P3_differential.csv","yes"
"166","/media/pipkin/ROCKET-PRO/CD8_DEV_SC/0_Acute-Chronic/1_Scanpy/1_Scanpy_out_resampled_Cl13-NAV/2_DE/Cluster_vs_Cluster/P4/P4_vs_P5_differential.csv","yes"
"167","/media/pipkin/ROCKET-PRO/CD8_DEV_SC/0_Acute-Chronic/1_Scanpy/1_Scanpy_out_resampled_Cl13-NAV/2_DE/Cluster_vs_Cluster/P4/P4_vs_P6_differential.csv","yes"
"168","/media/pipkin/ROCKET-PRO/CD8_DEV_SC/0_Acute-Chronic/1_Scanpy/1_Scanpy_out_resampled_Cl13-NAV/2_DE/Cluster_vs_Cluster/P4/P4_vs_P7_differential.csv","yes"
"169","/media/pipkin/ROCKET-PRO/CD8_DEV_SC/0_Acute-Chronic/1_Scanpy/1_Scanpy_out_resampled_Cl13-NAV/2_DE/Cluster_vs_Cluster/P4/P4_vs_P8_differential.csv","yes"
"170","/media/pipkin/ROCKET-PRO/CD8_DEV_SC/0_Acute-Chronic/1_Scanpy/1_Scanpy_out_resampled_Cl13-NAV/2_DE/Cluster_vs_Cluster/P4/P4_vs_P9_differential.csv","yes"
"171","/media/pipkin/ROCKET-PRO/CD8_DEV_SC/0_Acute-Chronic/1_Scanpy/1_Scanpy_out_resampled_Cl13-NAV/2_DE/Cluster_vs_Cluster/P5/P5_vs_P0_differential.csv","yes"
"172","/media/pipkin/ROCKET-PRO/CD8_DEV_SC/0_Acute-Chronic/1_Scanpy/1_Scanpy_out_resampled_Cl13-NAV/2_DE/Cluster_vs_Cluster/P5/P5_vs_P1_differential.csv","yes"
"173","/media/pipkin/ROCKET-PRO/CD8_DEV_SC/0_Acute-Chronic/1_Scanpy/1_Scanpy_out_resampled_Cl13-NAV/2_DE/Cluster_vs_Cluster/P5/P5_vs_P10_differential.csv","yes"
"174","/media/pipkin/ROCKET-PRO/CD8_DEV_SC/0_Acute-Chronic/1_Scanpy/1_Scanpy_out_resampled_Cl13-NAV/2_DE/Cluster_vs_Cluster/P5/P5_vs_P2_differential.csv","yes"
"175","/media/pipkin/ROCKET-PRO/CD8_DEV_SC/0_Acute-Chronic/1_Scanpy/1_Scanpy_out_resampled_Cl13-NAV/2_DE/Cluster_vs_Cluster/P5/P5_vs_P3_differential.csv","yes"
"176","/media/pipkin/ROCKET-PRO/CD8_DEV_SC/0_Acute-Chronic/1_Scanpy/1_Scanpy_out_resampled_Cl13-NAV/2_DE/Cluster_vs_Cluster/P5/P5_vs_P4_differential.csv","yes"
"177","/media/pipkin/ROCKET-PRO/CD8_DEV_SC/0_Acute-Chronic/1_Scanpy/1_Scanpy_out_resampled_Cl13-NAV/2_DE/Cluster_vs_Cluster/P5/P5_vs_P6_differential.csv","yes"
"178","/media/pipkin/ROCKET-PRO/CD8_DEV_SC/0_Acute-Chronic/1_Scanpy/1_Scanpy_out_resampled_Cl13-NAV/2_DE/Cluster_vs_Cluster/P5/P5_vs_P7_differential.csv","yes"
"179","/media/pipkin/ROCKET-PRO/CD8_DEV_SC/0_Acute-Chronic/1_Scanpy/1_Scanpy_out_resampled_Cl13-NAV/2_DE/Cluster_vs_Cluster/P5/P5_vs_P8_differential.csv","yes"
"180","/media/pipkin/ROCKET-PRO/CD8_DEV_SC/0_Acute-Chronic/1_Scanpy/1_Scanpy_out_resampled_Cl13-NAV/2_DE/Cluster_vs_Cluster/P5/P5_vs_P9_differential.csv","yes"
"181","/media/pipkin/ROCKET-PRO/CD8_DEV_SC/0_Acute-Chronic/1_Scanpy/1_Scanpy_out_resampled_Cl13-NAV/2_DE/Cluster_vs_Cluster/P6/P6_vs_P0_differential.csv","yes"
"182","/media/pipkin/ROCKET-PRO/CD8_DEV_SC/0_Acute-Chronic/1_Scanpy/1_Scanpy_out_resampled_Cl13-NAV/2_DE/Cluster_vs_Cluster/P6/P6_vs_P1_differential.csv","yes"
"183","/media/pipkin/ROCKET-PRO/CD8_DEV_SC/0_Acute-Chronic/1_Scanpy/1_Scanpy_out_resampled_Cl13-NAV/2_DE/Cluster_vs_Cluster/P6/P6_vs_P10_differential.csv","yes"
"184","/media/pipkin/ROCKET-PRO/CD8_DEV_SC/0_Acute-Chronic/1_Scanpy/1_Scanpy_out_resampled_Cl13-NAV/2_DE/Cluster_vs_Cluster/P6/P6_vs_P2_differential.csv","yes"
"185","/media/pipkin/ROCKET-PRO/CD8_DEV_SC/0_Acute-Chronic/1_Scanpy/1_Scanpy_out_resampled_Cl13-NAV/2_DE/Cluster_vs_Cluster/P6/P6_vs_P3_differential.csv","yes"
"186","/media/pipkin/ROCKET-PRO/CD8_DEV_SC/0_Acute-Chronic/1_Scanpy/1_Scanpy_out_resampled_Cl13-NAV/2_DE/Cluster_vs_Cluster/P6/P6_vs_P4_differential.csv","yes"
"187","/media/pipkin/ROCKET-PRO/CD8_DEV_SC/0_Acute-Chronic/1_Scanpy/1_Scanpy_out_resampled_Cl13-NAV/2_DE/Cluster_vs_Cluster/P6/P6_vs_P5_differential.csv","yes"
"188","/media/pipkin/ROCKET-PRO/CD8_DEV_SC/0_Acute-Chronic/1_Scanpy/1_Scanpy_out_resampled_Cl13-NAV/2_DE/Cluster_vs_Cluster/P6/P6_vs_P7_differential.csv","yes"
"189","/media/pipkin/ROCKET-PRO/CD8_DEV_SC/0_Acute-Chronic/1_Scanpy/1_Scanpy_out_resampled_Cl13-NAV/2_DE/Cluster_vs_Cluster/P6/P6_vs_P8_differential.csv","yes"
"190","/media/pipkin/ROCKET-PRO/CD8_DEV_SC/0_Acute-Chronic/1_Scanpy/1_Scanpy_out_resampled_Cl13-NAV/2_DE/Cluster_vs_Cluster/P6/P6_vs_P9_differential.csv","yes"
"191","/media/pipkin/ROCKET-PRO/CD8_DEV_SC/0_Acute-Chronic/1_Scanpy/1_Scanpy_out_resampled_Cl13-NAV/2_DE/Cluster_vs_Cluster/P7/P7_vs_P0_differential.csv","yes"
"192","/media/pipkin/ROCKET-PRO/CD8_DEV_SC/0_Acute-Chronic/1_Scanpy/1_Scanpy_out_resampled_Cl13-NAV/2_DE/Cluster_vs_Cluster/P7/P7_vs_P1_differential.csv","yes"
"193","/media/pipkin/ROCKET-PRO/CD8_DEV_SC/0_Acute-Chronic/1_Scanpy/1_Scanpy_out_resampled_Cl13-NAV/2_DE/Cluster_vs_Cluster/P7/P7_vs_P10_differential.csv","yes"
"194","/media/pipkin/ROCKET-PRO/CD8_DEV_SC/0_Acute-Chronic/1_Scanpy/1_Scanpy_out_resampled_Cl13-NAV/2_DE/Cluster_vs_Cluster/P7/P7_vs_P2_differential.csv","yes"
"195","/media/pipkin/ROCKET-PRO/CD8_DEV_SC/0_Acute-Chronic/1_Scanpy/1_Scanpy_out_resampled_Cl13-NAV/2_DE/Cluster_vs_Cluster/P7/P7_vs_P3_differential.csv","yes"
"196","/media/pipkin/ROCKET-PRO/CD8_DEV_SC/0_Acute-Chronic/1_Scanpy/1_Scanpy_out_resampled_Cl13-NAV/2_DE/Cluster_vs_Cluster/P7/P7_vs_P4_differential.csv","yes"
"197","/media/pipkin/ROCKET-PRO/CD8_DEV_SC/0_Acute-Chronic/1_Scanpy/1_Scanpy_out_resampled_Cl13-NAV/2_DE/Cluster_vs_Cluster/P7/P7_vs_P5_differential.csv","yes"
"198","/media/pipkin/ROCKET-PRO/CD8_DEV_SC/0_Acute-Chronic/1_Scanpy/1_Scanpy_out_resampled_Cl13-NAV/2_DE/Cluster_vs_Cluster/P7/P7_vs_P6_differential.csv","yes"
"199","/media/pipkin/ROCKET-PRO/CD8_DEV_SC/0_Acute-Chronic/1_Scanpy/1_Scanpy_out_resampled_Cl13-NAV/2_DE/Cluster_vs_Cluster/P7/P7_vs_P8_differential.csv","yes"
"200","/media/pipkin/ROCKET-PRO/CD8_DEV_SC/0_Acute-Chronic/1_Scanpy/1_Scanpy_out_resampled_Cl13-NAV/2_DE/Cluster_vs_Cluster/P7/P7_vs_P9_differential.csv","yes"
"201","/media/pipkin/ROCKET-PRO/CD8_DEV_SC/0_Acute-Chronic/1_Scanpy/1_Scanpy_out_resampled_Cl13-NAV/2_DE/Cluster_vs_Cluster/P8/P8_vs_P0_differential.csv","yes"
"202","/media/pipkin/ROCKET-PRO/CD8_DEV_SC/0_Acute-Chronic/1_Scanpy/1_Scanpy_out_resampled_Cl13-NAV/2_DE/Cluster_vs_Cluster/P8/P8_vs_P1_differential.csv","yes"
"203","/media/pipkin/ROCKET-PRO/CD8_DEV_SC/0_Acute-Chronic/1_Scanpy/1_Scanpy_out_resampled_Cl13-NAV/2_DE/Cluster_vs_Cluster/P8/P8_vs_P10_differential.csv","yes"
"204","/media/pipkin/ROCKET-PRO/CD8_DEV_SC/0_Acute-Chronic/1_Scanpy/1_Scanpy_out_resampled_Cl13-NAV/2_DE/Cluster_vs_Cluster/P8/P8_vs_P2_differential.csv","yes"
"205","/media/pipkin/ROCKET-PRO/CD8_DEV_SC/0_Acute-Chronic/1_Scanpy/1_Scanpy_out_resampled_Cl13-NAV/2_DE/Cluster_vs_Cluster/P8/P8_vs_P3_differential.csv","yes"
"206","/media/pipkin/ROCKET-PRO/CD8_DEV_SC/0_Acute-Chronic/1_Scanpy/1_Scanpy_out_resampled_Cl13-NAV/2_DE/Cluster_vs_Cluster/P8/P8_vs_P4_differential.csv","yes"
"207","/media/pipkin/ROCKET-PRO/CD8_DEV_SC/0_Acute-Chronic/1_Scanpy/1_Scanpy_out_resampled_Cl13-NAV/2_DE/Cluster_vs_Cluster/P8/P8_vs_P5_differential.csv","yes"
"208","/media/pipkin/ROCKET-PRO/CD8_DEV_SC/0_Acute-Chronic/1_Scanpy/1_Scanpy_out_resampled_Cl13-NAV/2_DE/Cluster_vs_Cluster/P8/P8_vs_P6_differential.csv","yes"
"209","/media/pipkin/ROCKET-PRO/CD8_DEV_SC/0_Acute-Chronic/1_Scanpy/1_Scanpy_out_resampled_Cl13-NAV/2_DE/Cluster_vs_Cluster/P8/P8_vs_P7_differential.csv","yes"
"210","/media/pipkin/ROCKET-PRO/CD8_DEV_SC/0_Acute-Chronic/1_Scanpy/1_Scanpy_out_resampled_Cl13-NAV/2_DE/Cluster_vs_Cluster/P8/P8_vs_P9_differential.csv","yes"
"211","/media/pipkin/ROCKET-PRO/CD8_DEV_SC/0_Acute-Chronic/1_Scanpy/1_Scanpy_out_resampled_Cl13-NAV/2_DE/Cluster_vs_Cluster/P9/P9_vs_P0_differential.csv","yes"
"212","/media/pipkin/ROCKET-PRO/CD8_DEV_SC/0_Acute-Chronic/1_Scanpy/1_Scanpy_out_resampled_Cl13-NAV/2_DE/Cluster_vs_Cluster/P9/P9_vs_P1_differential.csv","yes"
"213","/media/pipkin/ROCKET-PRO/CD8_DEV_SC/0_Acute-Chronic/1_Scanpy/1_Scanpy_out_resampled_Cl13-NAV/2_DE/Cluster_vs_Cluster/P9/P9_vs_P10_differential.csv","yes"
"214","/media/pipkin/ROCKET-PRO/CD8_DEV_SC/0_Acute-Chronic/1_Scanpy/1_Scanpy_out_resampled_Cl13-NAV/2_DE/Cluster_vs_Cluster/P9/P9_vs_P2_differential.csv","yes"
"215","/media/pipkin/ROCKET-PRO/CD8_DEV_SC/0_Acute-Chronic/1_Scanpy/1_Scanpy_out_resampled_Cl13-NAV/2_DE/Cluster_vs_Cluster/P9/P9_vs_P3_differential.csv","yes"
"216","/media/pipkin/ROCKET-PRO/CD8_DEV_SC/0_Acute-Chronic/1_Scanpy/1_Scanpy_out_resampled_Cl13-NAV/2_DE/Cluster_vs_Cluster/P9/P9_vs_P4_differential.csv","yes"
"217","/media/pipkin/ROCKET-PRO/CD8_DEV_SC/0_Acute-Chronic/1_Scanpy/1_Scanpy_out_resampled_Cl13-NAV/2_DE/Cluster_vs_Cluster/P9/P9_vs_P5_differential.csv","yes"
"218","/media/pipkin/ROCKET-PRO/CD8_DEV_SC/0_Acute-Chronic/1_Scanpy/1_Scanpy_out_resampled_Cl13-NAV/2_DE/Cluster_vs_Cluster/P9/P9_vs_P6_differential.csv","yes"
"219","/media/pipkin/ROCKET-PRO/CD8_DEV_SC/0_Acute-Chronic/1_Scanpy/1_Scanpy_out_resampled_Cl13-NAV/2_DE/Cluster_vs_Cluster/P9/P9_vs_P7_differential.csv","yes"
"220","/media/pipkin/ROCKET-PRO/CD8_DEV_SC/0_Acute-Chronic/1_Scanpy/1_Scanpy_out_resampled_Cl13-NAV/2_DE/Cluster_vs_Cluster/P9/P9_vs_P8_differential.csv","yes"
"221","/media/pipkin/ROCKET-PRO/CD8_DEV_SC/0_Acute-Chronic/1_Scanpy/1_Scanpy_out_resampled_Cl13-NAV/2_DE/eachCluster_vs_All/0_differential.csv","yes"
"222","/media/pipkin/ROCKET-PRO/CD8_DEV_SC/0_Acute-Chronic/1_Scanpy/1_Scanpy_out_resampled_Cl13-NAV/2_DE/eachCluster_vs_All/1_differential.csv","yes"
"223","/media/pipkin/ROCKET-PRO/CD8_DEV_SC/0_Acute-Chronic/1_Scanpy/1_Scanpy_out_resampled_Cl13-NAV/2_DE/eachCluster_vs_All/10_differential.csv","yes"
"224","/media/pipkin/ROCKET-PRO/CD8_DEV_SC/0_Acute-Chronic/1_Scanpy/1_Scanpy_out_resampled_Cl13-NAV/2_DE/eachCluster_vs_All/2_differential.csv","yes"
"225","/media/pipkin/ROCKET-PRO/CD8_DEV_SC/0_Acute-Chronic/1_Scanpy/1_Scanpy_out_resampled_Cl13-NAV/2_DE/eachCluster_vs_All/3_differential.csv","yes"
"226","/media/pipkin/ROCKET-PRO/CD8_DEV_SC/0_Acute-Chronic/1_Scanpy/1_Scanpy_out_resampled_Cl13-NAV/2_DE/eachCluster_vs_All/4_differential.csv","yes"
"227","/media/pipkin/ROCKET-PRO/CD8_DEV_SC/0_Acute-Chronic/1_Scanpy/1_Scanpy_out_resampled_Cl13-NAV/2_DE/eachCluster_vs_All/5_differential.csv","yes"
"228","/media/pipkin/ROCKET-PRO/CD8_DEV_SC/0_Acute-Chronic/1_Scanpy/1_Scanpy_out_resampled_Cl13-NAV/2_DE/eachCluster_vs_All/6_differential.csv","yes"
"229","/media/pipkin/ROCKET-PRO/CD8_DEV_SC/0_Acute-Chronic/1_Scanpy/1_Scanpy_out_resampled_Cl13-NAV/2_DE/eachCluster_vs_All/7_differential.csv","yes"
"230","/media/pipkin/ROCKET-PRO/CD8_DEV_SC/0_Acute-Chronic/1_Scanpy/1_Scanpy_out_resampled_Cl13-NAV/2_DE/eachCluster_vs_All/8_differential.csv","yes"
"231","/media/pipkin/ROCKET-PRO/CD8_DEV_SC/0_Acute-Chronic/1_Scanpy/1_Scanpy_out_resampled_Cl13-NAV/2_DE/eachCluster_vs_All/9_differential.csv","yes"
"232","/media/pipkin/ROCKET-PRO/CD8_DEV_SC/0_Acute-Chronic/1_Scanpy/1_Scanpy_out_resampled_Cl13-NAV/2_DE/eachCluster_vs_All/P0_differential.csv","yes"
"233","/media/pipkin/ROCKET-PRO/CD8_DEV_SC/0_Acute-Chronic/1_Scanpy/1_Scanpy_out_resampled_Cl13-NAV/2_DE/eachCluster_vs_All/P1_differential.csv","yes"
"234","/media/pipkin/ROCKET-PRO/CD8_DEV_SC/0_Acute-Chronic/1_Scanpy/1_Scanpy_out_resampled_Cl13-NAV/2_DE/eachCluster_vs_All/P10_differential.csv","yes"
"235","/media/pipkin/ROCKET-PRO/CD8_DEV_SC/0_Acute-Chronic/1_Scanpy/1_Scanpy_out_resampled_Cl13-NAV/2_DE/eachCluster_vs_All/P2_differential.csv","yes"
"236","/media/pipkin/ROCKET-PRO/CD8_DEV_SC/0_Acute-Chronic/1_Scanpy/1_Scanpy_out_resampled_Cl13-NAV/2_DE/eachCluster_vs_All/P3_differential.csv","yes"
"237","/media/pipkin/ROCKET-PRO/CD8_DEV_SC/0_Acute-Chronic/1_Scanpy/1_Scanpy_out_resampled_Cl13-NAV/2_DE/eachCluster_vs_All/P4_differential.csv","yes"
"238","/media/pipkin/ROCKET-PRO/CD8_DEV_SC/0_Acute-Chronic/1_Scanpy/1_Scanpy_out_resampled_Cl13-NAV/2_DE/eachCluster_vs_All/P5_differential.csv","yes"
"239","/media/pipkin/ROCKET-PRO/CD8_DEV_SC/0_Acute-Chronic/1_Scanpy/1_Scanpy_out_resampled_Cl13-NAV/2_DE/eachCluster_vs_All/P6_differential.csv","yes"
"240","/media/pipkin/ROCKET-PRO/CD8_DEV_SC/0_Acute-Chronic/1_Scanpy/1_Scanpy_out_resampled_Cl13-NAV/2_DE/eachCluster_vs_All/P7_differential.csv","yes"
"241","/media/pipkin/ROCKET-PRO/CD8_DEV_SC/0_Acute-Chronic/1_Scanpy/1_Scanpy_out_resampled_Cl13-NAV/2_DE/eachCluster_vs_All/P8_differential.csv","yes"
"242","/media/pipkin/ROCKET-PRO/CD8_DEV_SC/0_Acute-Chronic/1_Scanpy/1_Scanpy_out_resampled_Cl13-NAV/2_DE/eachCluster_vs_All/P9_differential.csv","yes"
